x_estimate,y_estimate,z_estimate,battery_voltage
0.43,0.89,-0.34,3.71612906455994
0.43,0.89,-0.34,3.71612906455994
0.43,0.89,-0.33,3.71612906455994
0.43,0.9,-0.34,3.71612906455994
0.43,0.89,-0.34,3.71612906455994
0.44,0.89,-0.34,3.72140765190125
0.44,0.9,-0.33,3.72140765190125
0.44,0.9,-0.32,3.72140765190125
0.44,0.9,-0.32,3.72140765190125
0.44,0.89,-0.32,3.72140765190125
0.44,0.9,-0.31,3.71612906455994
0.44,0.9,-0.31,3.71612906455994
0.44,0.9,-0.32,3.71612906455994
0.44,0.9,-0.32,3.71612906455994
0.44,0.9,-0.31,3.72140765190125
0.44,0.9,-0.31,3.72140765190125
0.44,0.9,-0.31,3.72140765190125
0.44,0.9,-0.31,3.72140765190125
0.43,0.9,-0.31,3.72140765190125
0.43,0.89,-0.3,3.71612906455994
0.43,0.9,-0.3,3.71612906455994
0.44,0.89,-0.3,3.71612906455994
0.44,0.9,-0.3,3.71612906455994
0.44,0.9,-0.31,3.71612906455994
0.44,0.9,-0.31,3.71612906455994
0.44,0.89,-0.31,3.72140765190125
0.44,0.89,-0.31,3.72140765190125
0.44,0.89,-0.31,3.72140765190125
0.44,0.89,-0.31,3.72140765190125
0.44,0.89,-0.31,3.72140765190125
0.44,0.9,-0.32,3.71612906455994
0.44,0.9,-0.32,3.71612906455994
0.44,0.9,-0.32,3.71612906455994
0.44,0.9,-0.32,3.71612906455994
0.44,0.89,-0.31,3.71612906455994
0.44,0.9,-0.32,3.72140765190125
0.44,0.9,-0.31,3.72140765190125
0.44,0.9,-0.32,3.72140765190125
0.44,0.9,-0.32,3.72140765190125
0.44,0.91,-0.32,3.72140765190125
0.43,0.91,-0.32,3.72140765190125
0.43,0.91,-0.32,3.71612906455994
0.43,0.91,-0.32,3.71612906455994
0.43,0.91,-0.32,3.71612906455994
0.43,0.91,-0.32,3.72140765190125
0.43,0.91,-0.33,3.72140765190125
0.43,0.91,-0.33,3.72140765190125
0.43,0.91,-0.33,3.72668623924255
0.43,0.91,-0.32,3.72140765190125
0.43,0.91,-0.32,3.72140765190125
0.43,0.91,-0.32,3.71612906455994
0.43,0.91,-0.32,3.71612906455994
0.43,0.91,-0.33,3.71612906455994
0.43,0.91,-0.32,3.71612906455994
0.43,0.91,-0.33,3.72140765190125
0.42,0.91,-0.33,3.72140765190125
0.42,0.91,-0.33,3.72140765190125
0.42,0.92,-0.33,3.72140765190125
0.43,0.91,-0.33,3.72140765190125
0.43,0.91,-0.33,3.72140765190125
0.43,0.91,-0.33,3.71612906455994
0.43,0.91,-0.33,3.71612906455994
0.43,0.92,-0.33,3.71612906455994
0.43,0.91,-0.33,3.71612906455994
0.43,0.92,-0.33,3.71612906455994
0.42,0.92,-0.33,3.72140765190125
0.42,0.91,-0.33,3.72140765190125
0.42,0.92,-0.33,3.72140765190125
0.42,0.91,-0.33,3.72140765190125
0.42,0.91,-0.33,3.72140765190125
0.43,0.92,-0.33,3.71612906455994
0.43,0.92,-0.33,3.71612906455994
0.43,0.92,-0.33,3.71612906455994
0.43,0.92,-0.34,3.71612906455994
0.43,0.92,-0.34,3.72140765190125
0.44,0.93,-0.34,3.72140765190125
0.44,0.92,-0.33,3.72140765190125
0.43,0.93,-0.33,3.72668623924255
0.43,0.93,-0.34,3.72140765190125
0.43,0.93,-0.34,3.72140765190125
0.43,0.93,-0.34,3.71612906455994
0.43,0.93,-0.34,3.71612906455994
0.43,0.93,-0.34,3.71612906455994
0.43,0.92,-0.34,3.71612906455994
0.43,0.92,-0.34,3.72140765190125
0.43,0.92,-0.34,3.72140765190125
0.43,0.92,-0.34,3.72140765190125
0.43,0.93,-0.34,3.72140765190125
0.43,0.92,-0.33,3.72140765190125
0.43,0.92,-0.33,3.72140765190125
0.43,0.92,-0.32,3.71612906455994
0.43,0.92,-0.33,3.71612906455994
0.43,0.92,-0.33,3.71612906455994
0.43,0.92,-0.33,3.71612906455994
0.42,0.93,-0.33,3.72140765190125
0.42,0.92,-0.33,3.72140765190125
0.42,0.92,-0.32,3.72140765190125
0.42,0.93,-0.32,3.72140765190125
0.42,0.92,-0.32,3.72668623924255
0.42,0.93,-0.32,3.72140765190125
0.42,0.93,-0.32,3.72140765190125
0.43,0.92,-0.31,3.71612906455994
0.43,0.92,-0.31,3.53665685653687
0.43,0.92,-0.31,3.30439901351929
0.42,0.93,-0.31,3.27800607681274
0.42,0.92,-0.31,3.2516131401062
0.42,0.92,-0.31,3.2516131401062
0.42,0.92,-0.31,3.26217031478882
0.42,0.92,-0.32,3.28856325149536
0.41,0.93,-0.32,3.3096776008606
0.41,0.92,-0.32,3.33079195022583
0.41,0.93,-0.33,3.34662771224976
0.41,0.93,-0.32,3.34662771224976
0.41,0.93,-0.32,3.36246347427368
0.41,0.93,-0.32,3.37829923629761
0.41,0.93,-0.32,3.38885641098022
0.41,0.93,-0.33,3.40469217300415
0.41,0.93,-0.33,3.41524934768677
0.41,0.93,-0.32,3.41524934768677
0.41,0.93,-0.32,3.42052793502808
0.42,0.93,-0.32,3.42052793502808
0.41,0.93,-0.33,3.42052793502808
0.41,0.93,-0.32,3.42052793502808
0.41,0.93,-0.33,3.41524934768677
0.42,0.93,-0.32,3.41524934768677
0.42,0.93,-0.32,3.40997076034546
0.42,0.93,-0.32,3.40997076034546
0.42,0.93,-0.33,3.40997076034546
0.42,0.93,-0.33,3.40469217300415
0.42,0.93,-0.33,3.39941358566284
0.42,0.93,-0.32,3.39941358566284
0.42,0.93,-0.33,3.39413499832153
0.42,0.92,-0.33,3.37829923629761
0.43,0.92,-0.33,3.3730206489563
0.43,0.92,-0.33,3.3730206489563
0.42,0.92,-0.33,3.36774206161499
0.43,0.92,-0.33,3.36774206161499
0.43,0.92,-0.32,3.36774206161499
0.43,0.93,-0.33,3.36246347427368
0.43,0.92,-0.32,3.35190629959106
0.43,0.92,-0.32,3.34662771224976
0.43,0.93,-0.32,3.33607053756714
0.43,0.93,-0.32,3.33607053756714
0.43,0.93,-0.31,3.32551336288452
0.44,0.92,-0.31,3.32023477554321
0.44,0.92,-0.31,3.32023477554321
0.44,0.92,-0.31,3.32023477554321
0.43,0.92,-0.3,3.32023477554321
0.43,0.92,-0.3,3.32023477554321
0.43,0.92,-0.31,3.3096776008606
0.43,0.92,-0.31,3.29384183883667
0.43,0.92,-0.31,3.28856325149536
0.43,0.92,-0.31,3.27272748947144
0.44,0.93,-0.29,3.26744890213013
0.44,0.92,-0.29,3.26744890213013
0.44,0.92,-0.29,3.26744890213013
0.44,0.92,-0.29,3.26744890213013
0.44,0.92,-0.28,3.27272748947144
0.44,0.92,-0.28,3.27800607681274
0.44,0.92,-0.28,3.27272748947144
0.44,0.92,-0.27,3.27272748947144
0.44,0.92,-0.27,3.26744890213013
0.44,0.92,-0.26,3.25689172744751
0.44,0.93,-0.26,3.25689172744751
0.44,0.92,-0.25,3.26217031478882
0.43,0.93,-0.24,3.26744890213013
0.44,0.94,-0.23,3.26744890213013
0.44,0.93,-0.22,3.27800607681274
0.44,0.94,-0.21,3.28856325149536
0.44,0.94,-0.2,3.29912042617798
0.43,0.94,-0.2,3.3149561882019
0.43,0.94,-0.2,3.32023477554321
0.43,0.94,-0.18,3.32023477554321
0.44,0.94,-0.18,3.32551336288452
0.44,0.94,-0.17,3.32551336288452
0.43,0.94,-0.16,3.33079195022583
0.43,0.95,-0.15,3.33607053756714
0.43,0.95,-0.14,3.33607053756714
0.43,0.95,-0.14,3.33607053756714
0.43,0.95,-0.12,3.33607053756714
0.43,0.95,-0.11,3.34662771224976
0.42,0.96,-0.1,3.35718488693237
0.43,0.96,-0.1,3.35718488693237
0.43,0.96,-0.08,3.36246347427368
0.43,0.95,-0.07,3.36246347427368
0.42,0.96,-0.07,3.36246347427368
0.42,0.95,-0.06,3.36246347427368
0.42,0.95,-0.05,3.36246347427368
0.42,0.95,-0.05,3.35718488693237
0.41,0.95,-0.03,3.35718488693237
0.41,0.95,-0.03,3.35718488693237
0.42,0.95,-0.02,3.35718488693237
0.41,0.94,-0.02,3.35718488693237
0.41,0.94,-0.02,3.35718488693237
0.41,0.93,-0.0,3.35718488693237
0.41,0.93,0.01,3.35718488693237
0.41,0.93,0.02,3.35718488693237
0.41,0.93,0.03,3.35190629959106
0.41,0.92,0.05,3.35190629959106
0.41,0.92,0.07,3.34662771224976
0.41,0.92,0.07,3.35718488693237
0.41,0.91,0.08,3.3730206489563
0.41,0.91,0.09,3.3730206489563
0.41,0.91,0.09,3.38357782363892
0.41,0.9,0.11,3.38357782363892
0.41,0.9,0.11,3.38885641098022
0.41,0.9,0.13,3.38357782363892
0.4,0.9,0.14,3.38357782363892
0.41,0.9,0.16,3.38357782363892
0.41,0.9,0.17,3.39413499832153
0.41,0.9,0.18,3.39941358566284
0.41,0.9,0.2,3.40469217300415
0.41,0.9,0.2,3.41524934768677
0.41,0.9,0.21,3.42052793502808
0.42,0.9,0.23,3.42052793502808
0.41,0.91,0.23,3.42052793502808
0.41,0.9,0.24,3.42580652236938
0.41,0.91,0.24,3.436363697052
0.4,0.9,0.25,3.436363697052
0.4,0.91,0.26,3.43108510971069
0.4,0.91,0.27,3.43108510971069
0.4,0.9,0.28,3.43108510971069
0.4,0.91,0.29,3.42580652236938
0.4,0.91,0.29,3.43108510971069
0.4,0.91,0.31,3.43108510971069
0.39,0.91,0.3,3.43108510971069
0.39,0.91,0.31,3.43108510971069
0.39,0.9,0.31,3.43108510971069
0.39,0.9,0.32,3.42580652236938
0.38,0.9,0.33,3.42052793502808
0.38,0.9,0.34,3.42052793502808
0.38,0.9,0.34,3.42052793502808
0.38,0.9,0.34,3.42052793502808
0.38,0.9,0.35,3.41524934768677
0.38,0.9,0.35,3.41524934768677
0.37,0.89,0.35,3.40997076034546
0.37,0.9,0.36,3.40469217300415
0.38,0.9,0.37,3.39941358566284
0.37,0.9,0.37,3.39941358566284
0.37,0.9,0.38,3.39941358566284
0.37,0.9,0.38,3.39941358566284
0.37,0.9,0.39,3.39413499832153
0.37,0.9,0.39,3.38885641098022
0.36,0.91,0.39,3.39413499832153
0.36,0.91,0.4,3.39413499832153
0.36,0.91,0.4,3.39413499832153
0.36,0.91,0.4,3.39413499832153
0.36,0.91,0.4,3.39413499832153
0.36,0.91,0.41,3.39413499832153
0.35,0.91,0.41,3.38885641098022
0.35,0.91,0.41,3.38885641098022
0.35,0.91,0.41,3.38357782363892
0.35,0.91,0.42,3.37829923629761
0.34,0.92,0.42,3.3730206489563
0.34,0.92,0.42,3.3730206489563
0.34,0.92,0.42,3.36774206161499
0.34,0.93,0.42,3.36774206161499
0.34,0.93,0.42,3.36246347427368
0.34,0.93,0.43,3.36774206161499
0.33,0.93,0.43,3.36774206161499
0.33,0.93,0.43,3.36246347427368
0.33,0.94,0.44,3.36246347427368
0.33,0.94,0.43,3.36246347427368
0.32,0.94,0.44,3.36246347427368
0.32,0.94,0.44,3.35718488693237
0.32,0.95,0.44,3.35718488693237
0.32,0.95,0.43,3.35718488693237
0.31,0.95,0.43,3.35718488693237
0.32,0.95,0.43,3.35718488693237
0.31,0.95,0.43,3.35190629959106
0.31,0.96,0.44,3.35190629959106
0.31,0.96,0.44,3.34662771224976
0.3,0.96,0.43,3.35190629959106
0.31,0.96,0.43,3.34662771224976
0.31,0.96,0.43,3.34662771224976
0.31,0.97,0.43,3.34662771224976
0.31,0.97,0.43,3.34662771224976
0.31,0.97,0.43,3.34662771224976
0.31,0.98,0.43,3.34662771224976
0.31,0.98,0.43,3.34662771224976
0.31,0.98,0.43,3.34662771224976
0.31,0.98,0.43,3.34662771224976
0.31,0.98,0.44,3.35190629959106
0.31,0.98,0.44,3.35190629959106
0.3,0.98,0.43,3.35718488693237
0.31,0.99,0.42,3.35718488693237
0.31,0.99,0.42,3.35718488693237
0.31,0.99,0.42,3.35718488693237
0.31,1.0,0.43,3.35190629959106
0.32,1.0,0.43,3.34662771224976
0.32,1.0,0.43,3.34662771224976
0.32,1.0,0.43,3.35190629959106
0.32,1.0,0.43,3.35190629959106
0.32,1.01,0.43,3.35190629959106
0.32,1.01,0.43,3.35190629959106
0.32,1.01,0.43,3.35718488693237
0.32,1.01,0.43,3.35718488693237
0.33,1.01,0.44,3.36246347427368
0.33,1.01,0.44,3.36246347427368
0.33,1.01,0.43,3.36246347427368
0.33,1.02,0.44,3.36246347427368
0.34,1.02,0.44,3.35718488693237
0.34,1.02,0.44,3.35718488693237
0.34,1.03,0.44,3.35718488693237
0.33,1.02,0.44,3.35718488693237
0.34,1.03,0.44,3.35718488693237
0.34,1.03,0.44,3.35718488693237
0.34,1.02,0.45,3.36774206161499
0.35,1.03,0.45,3.36774206161499
0.35,1.03,0.46,3.3730206489563
0.35,1.04,0.46,3.3730206489563
0.36,1.04,0.46,3.37829923629761
0.36,1.04,0.46,3.37829923629761
0.36,1.04,0.46,3.3730206489563
0.36,1.04,0.46,3.36774206161499
0.36,1.04,0.46,3.36774206161499
0.37,1.04,0.47,3.36774206161499
0.37,1.04,0.47,3.36774206161499
0.37,1.04,0.47,3.36246347427368
0.37,1.04,0.48,3.36246347427368
0.38,1.04,0.49,3.36246347427368
0.38,1.04,0.49,3.3730206489563
0.39,1.04,0.49,3.3730206489563
0.39,1.05,0.5,3.37829923629761
0.39,1.05,0.5,3.37829923629761
0.4,1.05,0.5,3.3730206489563
0.41,1.04,0.51,3.37829923629761
0.41,1.05,0.51,3.38357782363892
0.42,1.05,0.51,3.38357782363892
0.43,1.05,0.51,3.38357782363892
0.43,1.05,0.51,3.38357782363892
0.43,1.04,0.51,3.37829923629761
0.43,1.04,0.51,3.37829923629761
0.43,1.04,0.51,3.37829923629761
0.44,1.04,0.51,3.37829923629761
0.45,1.05,0.51,3.36774206161499
0.45,1.05,0.51,3.36774206161499
0.45,1.04,0.52,3.36774206161499
0.46,1.05,0.52,3.36774206161499
0.46,1.05,0.52,3.36246347427368
0.47,1.06,0.52,3.36246347427368
0.48,1.06,0.52,3.36774206161499
0.48,1.06,0.51,3.36774206161499
0.48,1.06,0.51,3.36246347427368
0.48,1.05,0.51,3.35190629959106
0.49,1.06,0.52,3.35190629959106
0.49,1.06,0.52,3.35190629959106
0.5,1.06,0.52,3.35190629959106
0.5,1.06,0.52,3.35190629959106
0.5,1.06,0.52,3.35190629959106
0.5,1.06,0.52,3.35190629959106
0.25,1.06,0.52,3.35190629959106
0.5,1.05,0.52,3.35190629959106
0.51,1.05,0.52,3.34662771224976
0.51,1.05,0.52,3.34662771224976
0.51,1.06,0.51,3.34662771224976
0.51,1.05,0.51,3.34134912490845
0.51,1.06,0.51,3.33607053756714
0.51,1.06,0.52,3.33607053756714
0.52,1.05,0.52,3.33607053756714
0.51,1.05,0.52,3.33607053756714
0.52,1.05,0.52,3.34134912490845
0.52,1.04,0.52,3.33607053756714
0.52,1.04,0.52,3.33607053756714
0.52,1.04,0.52,3.33607053756714
0.52,1.04,0.52,3.33607053756714
0.52,1.05,0.52,3.33607053756714
0.52,1.05,0.52,3.33607053756714
0.52,1.04,0.52,3.33079195022583
0.52,1.04,0.52,3.33079195022583
0.52,1.04,0.52,3.33079195022583
0.52,1.04,0.52,3.33607053756714
0.51,1.03,0.51,3.33607053756714
0.51,1.03,0.51,3.33607053756714
0.51,1.03,0.51,3.33607053756714
0.51,1.03,0.5,3.33079195022583
0.51,1.03,0.5,3.33079195022583
0.5,1.03,0.5,3.33079195022583
0.5,1.02,0.49,3.33079195022583
0.51,1.02,0.49,3.33079195022583
0.5,1.01,0.49,3.33079195022583
0.5,1.01,0.48,3.32551336288452
0.5,1.01,0.49,3.3149561882019
0.5,1.01,0.49,3.3149561882019
0.5,1.01,0.48,3.3149561882019
0.5,1.0,0.49,3.3149561882019
0.5,1.0,0.49,3.32023477554321
0.5,1.0,0.49,3.32023477554321
0.5,1.0,0.49,3.32023477554321
0.5,1.0,0.49,3.32023477554321
0.5,0.99,0.49,3.32551336288452
0.5,0.99,0.49,3.32551336288452
0.49,0.98,0.5,3.32551336288452
0.5,0.98,0.49,3.33607053756714
0.5,0.98,0.49,3.33607053756714
0.5,0.97,0.49,3.33607053756714
0.5,0.97,0.49,3.33607053756714
0.49,0.97,0.49,3.34134912490845
0.5,0.96,0.49,3.33607053756714
0.5,0.96,0.49,3.33079195022583
0.5,0.96,0.49,3.32023477554321
0.5,0.96,0.49,3.32023477554321
0.5,0.96,0.49,3.32023477554321
0.49,0.96,0.49,3.3149561882019
0.49,0.95,0.49,3.32023477554321
0.49,0.95,0.49,3.32023477554321
0.49,0.95,0.49,3.32551336288452
0.49,0.94,0.49,3.32551336288452
0.49,0.94,0.49,3.33079195022583
0.48,0.94,0.49,3.33607053756714
0.48,0.94,0.49,3.33607053756714
0.48,0.94,0.49,3.33607053756714
0.48,0.94,0.49,3.33607053756714
0.48,0.94,0.49,3.33607053756714
0.48,0.94,0.49,3.33607053756714
0.48,0.94,0.49,3.33079195022583
0.48,0.94,0.48,3.33079195022583
0.48,0.94,0.49,3.33079195022583
0.48,0.94,0.48,3.33079195022583
0.48,0.94,0.49,3.33079195022583
0.48,0.94,0.48,3.32023477554321
0.48,0.94,0.48,3.32551336288452
0.48,0.93,0.49,3.32023477554321
0.48,0.93,0.49,3.3149561882019
0.49,0.93,0.48,3.3149561882019
0.48,0.93,0.48,3.3149561882019
0.48,0.94,0.48,3.3149561882019
0.48,0.94,0.49,3.3149561882019
0.48,0.94,0.48,3.3149561882019
0.49,0.94,0.48,3.30439901351929
0.49,0.94,0.48,3.3096776008606
0.49,0.94,0.48,3.3096776008606
0.49,0.94,0.48,3.30439901351929
0.5,0.94,0.49,3.3096776008606
0.5,0.94,0.49,3.30439901351929
0.5,0.95,0.49,3.30439901351929
0.5,0.95,0.48,3.3096776008606
0.5,0.95,0.49,3.3096776008606
0.5,0.96,0.48,3.3096776008606
0.5,0.96,0.49,3.3096776008606
0.5,0.96,0.49,3.3149561882019
0.5,0.96,0.49,3.3149561882019
0.5,0.96,0.5,3.3149561882019
0.51,0.97,0.5,3.3149561882019
0.51,0.96,0.51,3.32023477554321
0.52,0.98,0.51,3.32551336288452
0.52,0.97,0.51,3.33079195022583
0.52,0.97,0.51,3.34134912490845
0.52,0.97,0.52,3.34134912490845
0.53,0.98,0.51,3.34134912490845
0.54,0.99,0.52,3.33607053756714
0.54,0.99,0.52,3.34134912490845
0.54,1.0,0.52,3.33079195022583
0.53,1.0,0.52,3.33607053756714
0.53,0.99,0.52,3.33607053756714
0.54,1.0,0.52,3.33607053756714
0.54,1.0,0.53,3.34134912490845
0.54,1.01,0.53,3.34134912490845
0.54,1.01,0.53,3.34662771224976
0.54,1.01,0.53,3.34662771224976
0.54,1.02,0.53,3.34662771224976
0.55,1.03,0.53,3.34662771224976
0.55,1.03,0.53,3.34134912490845
0.55,1.03,0.53,3.34134912490845
0.55,1.04,0.54,3.34134912490845
0.55,1.04,0.54,3.34662771224976
0.54,1.04,0.55,3.34134912490845
0.54,1.05,0.55,3.34134912490845
0.54,1.05,0.55,3.34662771224976
0.54,1.05,0.55,3.35190629959106
0.55,1.06,0.55,3.35718488693237
0.54,1.06,0.54,3.35718488693237
0.55,1.07,0.54,3.35190629959106
0.55,1.07,0.54,3.35190629959106
0.55,1.07,0.55,3.34662771224976
0.55,1.08,0.55,3.34134912490845
0.55,1.08,0.55,3.34134912490845
0.55,1.08,0.55,3.33607053756714
0.55,1.08,0.55,3.33079195022583
0.56,1.09,0.55,3.33079195022583
0.56,1.09,0.55,3.33607053756714
0.56,1.1,0.55,3.34134912490845
0.56,1.1,0.55,3.34134912490845
0.57,1.11,0.55,3.33607053756714
0.57,1.11,0.55,3.33079195022583
0.57,1.11,0.55,3.33079195022583
0.57,1.11,0.55,3.33079195022583
0.57,1.12,0.55,3.33079195022583
0.57,1.12,0.55,3.32551336288452
0.57,1.12,0.55,3.32551336288452
0.57,1.12,0.55,3.32551336288452
0.57,1.13,0.55,3.32551336288452
0.58,1.13,0.54,3.32023477554321
0.58,1.13,0.54,3.3149561882019
0.58,1.14,0.54,3.30439901351929
0.58,1.14,0.54,3.29912042617798
0.58,1.14,0.54,3.29912042617798
0.58,1.15,0.54,3.29912042617798
0.58,1.15,0.54,3.29912042617798
0.59,1.15,0.54,3.29384183883667
0.59,1.15,0.54,3.29384183883667
0.6,1.15,0.54,3.28856325149536
0.6,1.15,0.54,3.28856325149536
0.6,1.15,0.54,3.28856325149536
0.6,1.16,0.54,3.28328466415405
0.6,1.16,0.54,3.28328466415405
0.6,1.16,0.55,3.28328466415405
0.6,1.16,0.55,3.28328466415405
0.6,1.16,0.55,3.28856325149536
0.61,1.16,0.55,3.28856325149536
0.61,1.17,0.55,3.29384183883667
0.61,1.17,0.55,3.29912042617798
0.61,1.17,0.55,3.30439901351929
0.62,1.17,0.56,3.30439901351929
0.62,1.17,0.56,3.3096776008606
0.62,1.17,0.57,3.3096776008606
0.62,1.17,0.57,3.3149561882019
0.63,1.17,0.58,3.3149561882019
0.63,1.17,0.58,3.32551336288452
0.63,1.17,0.58,3.32551336288452
0.63,1.17,0.59,3.33079195022583
0.64,1.17,0.58,3.33079195022583
0.64,1.18,0.58,3.32551336288452
0.64,1.18,0.58,3.32551336288452
0.65,1.18,0.58,3.32023477554321
0.65,1.18,0.58,3.3149561882019
0.65,1.19,0.58,3.3149561882019
0.66,1.19,0.58,3.3149561882019
0.66,1.19,0.58,3.3096776008606
0.66,1.19,0.58,3.3149561882019
0.67,1.2,0.58,3.3096776008606
0.67,1.2,0.58,3.30439901351929
0.67,1.2,0.58,3.30439901351929
0.67,1.2,0.59,3.30439901351929
0.67,1.21,0.59,3.3096776008606
0.68,1.21,0.59,3.3096776008606
0.68,1.21,0.6,3.3149561882019
0.68,1.21,0.6,3.3149561882019
0.69,1.22,0.6,3.3149561882019
0.69,1.22,0.6,3.3149561882019
0.69,1.22,0.6,3.3149561882019
0.7,1.23,0.59,3.32023477554321
0.71,1.23,0.59,3.32023477554321
0.71,1.23,0.59,3.32023477554321
0.72,1.24,0.6,3.32023477554321
0.72,1.24,0.59,3.32023477554321
0.73,1.25,0.6,3.32023477554321
0.73,1.25,0.6,3.32551336288452
0.73,1.26,0.6,3.32551336288452
0.74,1.26,0.61,3.33079195022583
0.74,1.27,0.61,3.33607053756714
0.75,1.27,0.61,3.33607053756714
0.75,1.27,0.62,3.34134912490845
0.76,1.27,0.62,3.34134912490845
0.76,1.27,0.62,3.34134912490845
0.76,1.27,0.63,3.34134912490845
0.77,1.27,0.63,3.34134912490845
0.77,1.27,0.63,3.34134912490845
0.78,1.28,0.63,3.33607053756714
0.78,1.28,0.64,3.34134912490845
0.78,1.28,0.64,3.34134912490845
0.79,1.28,0.64,3.34134912490845
0.79,1.28,0.64,3.34134912490845
0.8,1.29,0.65,3.34134912490845
0.8,1.29,0.65,3.33607053756714
0.81,1.29,0.66,3.34134912490845
0.81,1.29,0.66,3.34662771224976
0.82,1.3,0.67,3.35190629959106
0.82,1.3,0.67,3.35190629959106
0.83,1.3,0.67,3.35190629959106
0.83,1.3,0.68,3.35190629959106
0.84,1.3,0.68,3.35718488693237
0.84,1.31,0.68,3.35190629959106
0.85,1.31,0.69,3.35718488693237
0.85,1.31,0.69,3.35718488693237
0.85,1.31,0.7,3.35718488693237
0.86,1.32,0.7,3.35718488693237
0.87,1.32,0.7,3.35190629959106
0.87,1.32,0.7,3.35190629959106
0.87,1.33,0.7,3.35190629959106
0.88,1.33,0.7,3.35190629959106
0.89,1.34,0.71,3.35190629959106
0.89,1.34,0.71,3.35190629959106
0.9,1.35,0.71,3.35190629959106
0.9,1.35,0.71,3.35190629959106
0.9,1.36,0.71,3.34662771224976
0.91,1.36,0.71,3.34134912490845
0.91,1.36,0.72,3.34134912490845
0.92,1.37,0.72,3.34134912490845
0.92,1.38,0.72,3.33607053756714
0.92,1.38,0.72,3.33607053756714
0.93,1.39,0.72,3.33079195022583
0.93,1.39,0.72,3.32551336288452
0.94,1.4,0.72,3.32551336288452
0.95,1.4,0.72,3.32023477554321
0.96,1.41,0.72,3.32023477554321
0.96,1.42,0.72,3.32023477554321
0.96,1.43,0.73,3.3149561882019
0.97,1.43,0.73,3.3096776008606
0.98,1.44,0.73,3.3096776008606
0.98,1.44,0.73,3.3096776008606
0.98,1.45,0.73,3.3096776008606
0.99,1.45,0.73,3.3096776008606
1.0,1.46,0.73,3.3096776008606
1.0,1.46,0.73,3.3096776008606
1.0,1.47,0.73,3.3096776008606
1.01,1.47,0.73,3.30439901351929
1.01,1.48,0.74,3.30439901351929
1.02,1.48,0.74,3.29912042617798
1.03,1.49,0.74,3.29912042617798
1.03,1.49,0.74,3.30439901351929
1.04,1.5,0.74,3.30439901351929
1.04,1.5,0.75,3.3096776008606
1.05,1.51,0.74,3.3149561882019
1.05,1.51,0.75,3.32023477554321
1.06,1.51,0.75,3.32023477554321
1.06,1.52,0.75,3.32551336288452
1.07,1.52,0.75,3.32551336288452
1.07,1.52,0.75,3.32551336288452
1.07,1.53,0.75,3.32551336288452
1.08,1.53,0.75,3.32551336288452
1.08,1.53,0.75,3.33079195022583
1.08,1.54,0.76,3.33079195022583
1.08,1.54,0.75,3.33079195022583
1.08,1.54,0.75,3.33079195022583
1.08,1.55,0.76,3.33079195022583
1.08,1.55,0.76,3.32551336288452
1.09,1.55,0.76,3.33079195022583
1.09,1.56,0.77,3.33079195022583
1.09,1.56,0.77,3.33079195022583
1.09,1.56,0.77,3.33607053756714
1.09,1.57,0.77,3.33607053756714
1.09,1.57,0.78,3.33607053756714
1.09,1.57,0.78,3.34134912490845
1.09,1.57,0.78,3.33607053756714
1.09,1.58,0.78,3.33607053756714
1.09,1.58,0.78,3.33607053756714
1.09,1.58,0.78,3.34134912490845
1.09,1.58,0.77,3.34134912490845
1.09,1.58,0.77,3.33607053756714
1.09,1.59,0.77,3.32551336288452
1.1,1.59,0.77,3.32551336288452
1.1,1.59,0.77,3.32551336288452
1.1,1.59,0.77,3.32023477554321
1.1,1.59,0.77,3.32023477554321
1.1,1.59,0.77,3.32023477554321
1.1,1.59,0.78,3.32551336288452
1.1,1.59,0.78,3.32551336288452
1.1,1.59,0.78,3.32551336288452
1.1,1.6,0.78,3.32023477554321
1.11,1.6,0.78,3.32551336288452
1.11,1.6,0.78,3.33079195022583
1.11,1.6,0.78,3.33607053756714
1.11,1.6,0.78,3.33607053756714
1.11,1.6,0.78,3.33079195022583
1.11,1.6,0.78,3.33079195022583
1.11,1.6,0.78,3.33079195022583
1.11,1.6,0.78,3.33079195022583
1.12,1.6,0.77,3.33079195022583
1.12,1.6,0.77,3.33079195022583
1.12,1.6,0.77,3.32551336288452
1.12,1.6,0.77,3.32551336288452
1.12,1.6,0.77,3.32551336288452
1.12,1.6,0.77,3.32023477554321
1.12,1.6,0.77,3.32023477554321
1.12,1.61,0.77,3.32551336288452
1.12,1.61,0.77,3.32551336288452
1.11,1.61,0.76,3.32023477554321
1.11,1.61,0.77,3.32023477554321
1.11,1.61,0.76,3.32023477554321
1.11,1.61,0.76,3.3149561882019
1.11,1.61,0.75,3.3149561882019
1.1,1.61,0.75,3.3149561882019
1.11,1.6,0.75,3.3149561882019
1.1,1.6,0.74,3.3149561882019
1.11,1.6,0.74,3.3149561882019
1.1,1.6,0.74,3.3096776008606
1.11,1.61,0.74,3.30439901351929
1.11,1.61,0.73,3.30439901351929
1.11,1.61,0.73,3.30439901351929
1.11,1.61,0.73,3.29384183883667
1.1,1.6,0.72,3.29384183883667
1.1,1.61,0.72,3.29384183883667
1.11,1.6,0.72,3.29384183883667
1.11,1.61,0.73,3.29384183883667
1.11,1.61,0.73,3.28328466415405
1.11,1.62,0.72,3.28328466415405
1.11,1.62,0.71,3.28856325149536
1.11,1.62,0.71,3.28328466415405
1.11,1.61,0.7,3.28328466415405
1.11,1.61,0.7,3.28328466415405
1.11,1.61,0.7,3.27800607681274
1.1,1.61,0.7,3.27272748947144
1.1,1.61,0.7,3.27272748947144
1.1,1.61,0.69,3.27800607681274
1.1,1.61,0.69,3.27800607681274
1.1,1.61,0.69,3.27800607681274
1.1,1.61,0.68,3.28328466415405
1.1,1.61,0.69,3.28328466415405
1.1,1.6,0.69,3.27800607681274
1.1,1.61,0.69,3.28328466415405
1.1,1.61,0.69,3.28856325149536
1.1,1.61,0.69,3.28856325149536
1.1,1.61,0.69,3.29384183883667
1.1,1.61,0.69,3.29384183883667
1.11,1.61,0.69,3.29384183883667
1.1,1.61,0.68,3.29384183883667
1.11,1.61,0.69,3.29912042617798
1.11,1.61,0.68,3.29912042617798
1.11,1.61,0.68,3.29912042617798
1.11,1.61,0.69,3.30439901351929
1.11,1.6,0.68,3.3096776008606
1.1,1.61,0.69,3.3096776008606
1.11,1.6,0.68,3.3096776008606
1.11,1.6,0.69,3.3096776008606
1.11,1.6,0.69,3.3149561882019
1.11,1.6,0.69,3.3096776008606
1.11,1.6,0.69,3.3149561882019
1.11,1.6,0.69,3.3149561882019
1.11,1.6,0.69,3.3096776008606
1.11,1.6,0.69,3.3096776008606
1.12,1.6,0.69,3.3149561882019
1.12,1.6,0.69,3.32023477554321
1.12,1.6,0.68,3.3149561882019
1.12,1.59,0.68,3.3149561882019
1.12,1.59,0.69,3.3096776008606
1.12,1.59,0.69,3.3096776008606
1.12,1.59,0.69,3.3096776008606
1.12,1.59,0.69,3.3096776008606
1.13,1.59,0.69,3.3149561882019
1.13,1.59,0.69,3.3149561882019
1.13,1.59,0.69,3.3149561882019
1.13,1.59,0.69,3.3149561882019
1.13,1.59,0.69,3.3149561882019
1.13,1.6,0.7,3.3149561882019
1.14,1.59,0.7,3.3149561882019
1.14,1.59,0.69,3.3149561882019
1.14,1.59,0.7,3.3149561882019
1.13,1.59,0.7,3.3149561882019
1.13,1.59,0.7,3.3149561882019
1.14,1.59,0.7,3.3149561882019
1.14,1.59,0.7,3.3149561882019
1.14,1.59,0.7,3.3149561882019
1.14,1.59,0.7,3.3149561882019
1.14,1.59,0.7,3.3149561882019
1.14,1.59,0.7,3.3149561882019
1.14,1.6,0.7,3.3149561882019
1.14,1.59,0.7,3.3149561882019
1.14,1.6,0.7,3.3149561882019
1.15,1.6,0.71,3.3149561882019
1.15,1.6,0.71,3.3149561882019
1.15,1.6,0.7,3.3096776008606
1.15,1.6,0.71,3.3096776008606
1.15,1.6,0.71,3.30439901351929
1.15,1.6,0.71,3.3096776008606
1.15,1.6,0.71,3.3149561882019
1.15,1.61,0.71,3.3149561882019
1.15,1.61,0.71,3.3149561882019
1.15,1.6,0.71,3.3149561882019
1.15,1.61,0.71,3.3149561882019
1.15,1.61,0.71,3.32023477554321
1.15,1.61,0.71,3.32023477554321
1.15,1.61,0.71,3.32023477554321
1.15,1.61,0.71,3.3149561882019
1.15,1.62,0.72,3.3149561882019
1.15,1.62,0.72,3.3149561882019
1.15,1.62,0.72,3.3149561882019
1.15,1.62,0.72,3.3149561882019
1.15,1.63,0.72,3.3149561882019
1.15,1.63,0.72,3.32023477554321
1.15,1.63,0.73,3.32023477554321
1.15,1.63,0.73,3.32023477554321
1.15,1.63,0.73,3.32023477554321
1.15,1.64,0.73,3.3149561882019
1.15,1.64,0.73,3.3149561882019
1.15,1.64,0.73,3.3149561882019
1.15,1.64,0.73,3.3096776008606
1.15,1.65,0.72,3.3096776008606
1.16,1.65,0.73,3.30439901351929
1.16,1.65,0.73,3.29384183883667
1.16,1.65,0.73,3.29384183883667
1.16,1.65,0.73,3.29912042617798
1.16,1.65,0.73,3.29912042617798
1.16,1.65,0.73,3.29384183883667
1.17,1.65,0.73,3.29384183883667
1.17,1.65,0.73,3.29384183883667
1.17,1.65,0.74,3.29384183883667
1.17,1.65,0.74,3.29384183883667
1.18,1.66,0.74,3.29384183883667
1.18,1.66,0.74,3.29384183883667
1.18,1.66,0.75,3.29384183883667
1.19,1.66,0.75,3.28856325149536
1.19,1.66,0.74,3.28856325149536
1.19,1.66,0.75,3.28856325149536
1.2,1.66,0.75,3.28856325149536
1.2,1.67,0.75,3.28328466415405
1.21,1.66,0.75,3.28328466415405
1.2,1.66,0.75,3.27800607681274
1.21,1.67,0.75,3.27800607681274
1.21,1.66,0.75,3.27800607681274
1.21,1.67,0.75,3.27800607681274
1.21,1.67,0.76,3.27800607681274
1.22,1.67,0.76,3.26744890213013
1.22,1.67,0.77,3.26744890213013
1.22,1.67,0.76,3.26744890213013
1.21,1.67,0.77,3.26744890213013
1.22,1.67,0.77,3.26744890213013
1.22,1.67,0.77,3.26744890213013
1.22,1.68,0.78,3.26217031478882
1.21,1.68,0.78,3.26217031478882
1.21,1.68,0.78,3.26217031478882
1.21,1.68,0.79,3.26217031478882
1.21,1.68,0.79,3.26744890213013
1.21,1.68,0.8,3.26744890213013
1.21,1.68,0.8,3.27272748947144
1.21,1.68,0.8,3.27272748947144
1.21,1.67,0.81,3.27272748947144
1.21,1.68,0.81,3.27272748947144
1.21,1.67,0.81,3.26217031478882
1.21,1.67,0.81,3.26217031478882
1.21,1.67,0.81,3.25689172744751
1.21,1.67,0.81,3.24633455276489
1.21,1.67,0.81,3.24633455276489
1.22,1.67,0.81,3.2516131401062
1.21,1.67,0.81,3.24105596542358
1.21,1.67,0.82,3.23577737808228
1.21,1.66,0.82,3.23049879074097
1.21,1.67,0.83,3.22522020339966
1.21,1.66,0.83,3.22522020339966
1.21,1.66,0.83,3.22522020339966
1.21,1.67,0.84,3.22522020339966
1.21,1.67,0.84,3.22522020339966
1.21,1.66,0.84,3.22522020339966
1.21,1.66,0.84,3.22522020339966
1.21,1.66,0.84,3.22522020339966
1.21,1.66,0.85,3.22522020339966
1.21,1.66,0.85,3.23049879074097
1.21,1.66,0.85,3.23577737808228
1.21,1.66,0.86,3.24105596542358
1.21,1.66,0.86,3.24633455276489
1.21,1.66,0.86,3.24633455276489
1.2,1.66,0.86,3.2516131401062
1.2,1.65,0.86,3.24633455276489
1.21,1.65,0.87,3.24105596542358
1.2,1.65,0.87,3.24633455276489
1.2,1.65,0.87,3.24633455276489
1.2,1.65,0.88,3.24633455276489
1.2,1.65,0.88,3.24633455276489
1.2,1.65,0.88,3.2516131401062
1.19,1.65,0.89,3.2516131401062
1.19,1.65,0.89,3.2516131401062
1.19,1.65,0.9,3.25689172744751
1.19,1.65,0.91,3.25689172744751
1.19,1.65,0.91,3.26217031478882
1.19,1.64,0.92,3.26744890213013
1.19,1.64,0.92,3.27272748947144
1.19,1.64,0.93,3.27800607681274
1.19,1.64,0.94,3.27800607681274
1.19,1.64,0.94,3.27800607681274
1.19,1.63,0.95,3.28328466415405
1.19,1.63,0.96,3.29384183883667
1.19,1.63,0.97,3.29912042617798
1.18,1.63,0.97,3.30439901351929
1.18,1.62,0.98,3.3096776008606
1.19,1.62,0.99,3.3096776008606
1.19,1.62,0.99,3.3149561882019
1.19,1.62,1.0,3.32023477554321
1.19,1.62,1.01,3.32551336288452
1.19,1.62,1.02,3.32551336288452
1.19,1.62,1.03,3.33607053756714
1.19,1.62,1.03,3.33607053756714
1.19,1.62,1.04,3.34134912490845
1.19,1.62,1.05,3.34134912490845
1.19,1.62,1.06,3.34662771224976
1.19,1.62,1.07,3.34662771224976
1.19,1.62,1.08,3.35190629959106
1.19,1.62,1.08,3.35190629959106
1.19,1.62,1.09,3.35718488693237
1.19,1.61,1.1,3.35718488693237
1.19,1.62,1.11,3.36246347427368
1.19,1.61,1.12,3.36246347427368
1.19,1.61,1.12,3.36774206161499
1.19,1.61,1.13,3.36774206161499
1.19,1.6,1.14,3.36774206161499
1.19,1.6,1.14,3.36246347427368
1.2,1.6,1.14,3.36774206161499
1.19,1.59,1.14,3.36774206161499
1.19,1.59,1.15,3.36774206161499
1.2,1.58,1.15,3.36774206161499
1.2,1.59,1.16,3.35718488693237
1.19,1.59,1.16,3.35718488693237
1.19,1.58,1.17,3.35718488693237
1.2,1.58,1.17,3.35190629959106
1.2,1.59,1.17,3.35190629959106
1.2,1.59,1.18,3.35190629959106
1.2,1.59,1.18,3.34662771224976
1.2,1.59,1.19,3.34134912490845
1.2,1.59,1.19,3.34134912490845
1.2,1.59,1.2,3.33607053756714
1.2,1.59,1.2,3.33079195022583
1.2,1.59,1.2,3.33079195022583
1.2,1.59,1.2,3.32551336288452
1.2,1.59,1.21,3.33079195022583
1.21,1.59,1.21,3.32551336288452
1.21,1.6,1.21,3.32551336288452
1.21,1.6,1.21,3.32551336288452
1.21,1.6,1.21,3.32551336288452
1.21,1.61,1.21,3.32023477554321
1.21,1.6,1.22,3.32023477554321
1.21,1.61,1.22,3.3149561882019
1.21,1.61,1.22,3.3149561882019
1.22,1.61,1.22,3.3149561882019
1.22,1.62,1.21,3.3149561882019
1.21,1.62,1.22,3.30439901351929
1.21,1.62,1.22,3.30439901351929
1.22,1.62,1.22,3.30439901351929
1.23,1.62,1.21,3.30439901351929
1.23,1.63,1.21,3.30439901351929
1.23,1.63,1.22,3.30439901351929
1.24,1.63,1.22,3.30439901351929
1.24,1.63,1.22,3.30439901351929
1.24,1.64,1.22,3.29912042617798
1.24,1.64,1.22,3.29912042617798
1.24,1.64,1.22,3.29912042617798
1.24,1.64,1.22,3.29912042617798
1.24,1.65,1.22,3.29912042617798
1.24,1.65,1.22,3.29384183883667
1.24,1.65,1.22,3.29384183883667
1.24,1.65,1.22,3.29384183883667
1.24,1.65,1.22,3.29384183883667
1.24,1.66,1.22,3.29384183883667
1.24,1.66,1.22,3.29912042617798
1.24,1.66,1.23,3.29912042617798
1.23,1.67,1.23,3.29384183883667
1.24,1.67,1.23,3.29384183883667
1.23,1.67,1.23,3.29384183883667
1.23,1.67,1.23,3.29384183883667
1.23,1.67,1.23,3.28856325149536
1.24,1.67,1.23,3.28328466415405
1.24,1.68,1.22,3.28328466415405
1.23,1.68,1.23,3.27800607681274
1.23,1.68,1.23,3.27272748947144
1.23,1.68,1.23,3.27272748947144
1.23,1.68,1.23,3.27272748947144
1.22,1.69,1.23,3.27272748947144
1.23,1.69,1.23,3.27272748947144
1.23,1.69,1.23,3.27272748947144
1.22,1.69,1.23,3.26744890213013
1.22,1.69,1.22,3.26744890213013
1.21,1.69,1.22,3.26744890213013
1.22,1.7,1.22,3.26217031478882
1.21,1.7,1.22,3.25689172744751
1.21,1.69,1.22,3.25689172744751
1.21,1.69,1.22,3.2516131401062
1.21,1.69,1.21,3.25689172744751
1.21,1.7,1.22,3.25689172744751
1.21,1.7,1.21,3.25689172744751
1.2,1.7,1.21,3.2516131401062
1.21,1.7,1.21,3.2516131401062
1.21,1.7,1.21,3.2516131401062
1.21,1.7,1.21,3.24105596542358
1.21,1.71,1.2,3.24105596542358
1.21,1.71,1.2,3.24105596542358
1.21,1.7,1.2,3.24105596542358
1.21,1.7,1.2,3.24105596542358
1.21,1.7,1.2,3.24105596542358
1.21,1.7,1.2,3.24633455276489
1.21,1.7,1.2,3.24633455276489
1.21,1.7,1.2,3.2516131401062
1.21,1.7,1.2,3.26217031478882
1.21,1.7,1.2,3.26217031478882
1.21,1.7,1.2,3.26744890213013
1.21,1.71,1.2,3.26744890213013
1.21,1.71,1.2,3.26744890213013
1.21,1.71,1.21,3.26744890213013
1.22,1.71,1.21,3.26744890213013
1.21,1.71,1.21,3.26744890213013
1.22,1.71,1.21,3.26744890213013
1.22,1.71,1.21,3.27800607681274
1.22,1.71,1.22,3.27800607681274
1.22,1.7,1.22,3.28328466415405
1.22,1.7,1.22,3.28856325149536
1.23,1.7,1.23,3.28856325149536
1.23,1.7,1.23,3.28856325149536
1.22,1.69,1.22,3.28856325149536
1.23,1.69,1.22,3.28856325149536
1.23,1.68,1.23,3.28856325149536
1.23,1.68,1.22,3.28856325149536
1.23,1.68,1.22,3.28328466415405
1.23,1.68,1.22,3.28328466415405
1.24,1.67,1.23,3.27800607681274
1.24,1.67,1.23,3.27800607681274
1.23,1.66,1.23,3.27800607681274
1.23,1.66,1.23,3.28328466415405
1.23,1.65,1.23,3.27800607681274
1.23,1.65,1.23,3.27800607681274
1.24,1.65,1.23,3.27800607681274
1.23,1.64,1.24,3.27800607681274
1.23,1.64,1.24,3.28328466415405
1.24,1.64,1.25,3.28328466415405
1.24,1.64,1.25,3.28328466415405
1.23,1.64,1.26,3.28856325149536
1.23,1.65,1.26,3.29384183883667
1.23,1.65,1.26,3.29384183883667
1.23,1.64,1.26,3.29384183883667
1.24,1.64,1.26,3.29384183883667
1.24,1.64,1.27,3.29384183883667
1.24,1.63,1.27,3.29384183883667
1.24,1.63,1.27,3.29384183883667
1.25,1.63,1.28,3.29384183883667
1.25,1.63,1.29,3.29912042617798
1.25,1.63,1.28,3.29912042617798
1.25,1.62,1.29,3.30439901351929
1.26,1.62,1.29,3.29912042617798
1.26,1.61,1.29,3.29384183883667
1.26,1.61,1.29,3.29384183883667
1.26,1.61,1.28,3.28856325149536
1.27,1.61,1.28,3.28328466415405
1.28,1.6,1.29,3.27800607681274
1.27,1.59,1.28,3.27272748947144
1.28,1.58,1.28,3.26744890213013
1.28,1.58,1.29,3.26744890213013
1.29,1.58,1.29,3.26217031478882
1.29,1.58,1.28,3.26744890213013
1.29,1.57,1.29,3.26217031478882
1.3,1.57,1.3,3.26217031478882
1.3,1.56,1.3,3.25689172744751
1.31,1.55,1.3,3.25689172744751
1.31,1.54,1.29,3.26217031478882
1.31,1.54,1.3,3.2516131401062
1.32,1.54,1.29,3.24633455276489
1.31,1.53,1.29,3.24633455276489
1.32,1.52,1.29,3.24105596542358
1.32,1.51,1.29,3.24105596542358
1.33,1.51,1.3,3.23577737808228
1.33,1.51,1.3,3.23049879074097
1.33,1.5,1.3,3.23049879074097
1.34,1.51,1.3,3.23049879074097
1.35,1.51,1.3,3.23577737808228
1.35,1.51,1.31,3.23577737808228
1.36,1.5,1.31,3.24105596542358
1.36,1.5,1.32,3.24633455276489
1.37,1.49,1.32,3.24633455276489
1.36,1.5,1.33,3.25689172744751
1.37,1.5,1.33,3.26217031478882
1.38,1.5,1.33,3.26217031478882
1.39,1.5,1.34,3.26744890213013
1.39,1.5,1.35,3.26744890213013
1.4,1.5,1.35,3.27272748947144
1.4,1.51,1.35,3.27800607681274
1.41,1.5,1.35,3.28328466415405
1.41,1.5,1.36,3.28328466415405
1.41,1.49,1.37,3.28328466415405
1.42,1.49,1.37,3.28328466415405
1.42,1.49,1.38,3.28856325149536
1.42,1.49,1.39,3.29384183883667
1.43,1.49,1.39,3.29912042617798
1.43,1.48,1.4,3.29912042617798
1.44,1.48,1.41,3.30439901351929
1.44,1.48,1.41,3.3096776008606
1.45,1.47,1.42,3.3096776008606
1.45,1.47,1.42,3.3096776008606
1.46,1.46,1.43,3.3149561882019
1.46,1.46,1.43,3.3149561882019
1.46,1.46,1.44,3.3096776008606
1.47,1.46,1.45,3.3149561882019
1.48,1.45,1.45,3.3149561882019
1.48,1.46,1.46,3.3149561882019
1.49,1.45,1.47,3.3149561882019
1.49,1.45,1.47,3.3149561882019
1.5,1.45,1.48,3.3096776008606
1.5,1.44,1.49,3.3149561882019
1.5,1.44,1.5,3.3149561882019
1.5,1.43,1.5,3.32023477554321
1.51,1.42,1.5,3.32023477554321
1.51,1.42,1.51,3.32023477554321
1.51,1.42,1.52,3.32551336288452
1.51,1.41,1.52,3.32023477554321
1.52,1.4,1.53,3.3149561882019
1.52,1.39,1.54,3.3149561882019
1.53,1.39,1.54,3.32023477554321
1.53,1.39,1.54,3.32023477554321
1.54,1.38,1.55,3.32023477554321
1.54,1.38,1.55,3.3149561882019
1.55,1.38,1.56,3.3149561882019
1.55,1.36,1.56,3.3149561882019
1.55,1.36,1.57,3.3149561882019
1.56,1.35,1.57,3.3149561882019
1.57,1.34,1.58,3.3149561882019
1.57,1.34,1.58,3.3149561882019
1.58,1.34,1.59,3.3096776008606
1.58,1.33,1.6,3.3149561882019
1.58,1.32,1.6,3.32023477554321
1.58,1.31,1.6,3.32023477554321
1.58,1.3,1.61,3.32023477554321
1.58,1.29,1.62,3.32023477554321
1.59,1.29,1.62,3.3149561882019
1.59,1.28,1.63,3.3096776008606
1.6,1.27,1.63,3.30439901351929
1.6,1.26,1.64,3.30439901351929
1.6,1.25,1.65,3.30439901351929
1.6,1.24,1.65,3.30439901351929
1.6,1.23,1.66,3.3096776008606
1.6,1.23,1.66,3.3096776008606
1.61,1.22,1.66,3.3096776008606
1.61,1.22,1.67,3.3096776008606
1.61,1.21,1.67,3.3096776008606
1.62,1.21,1.67,3.3149561882019
1.62,1.2,1.68,3.3149561882019
1.62,1.2,1.69,3.32023477554321
1.63,1.19,1.69,3.32023477554321
1.63,1.19,1.69,3.32023477554321
1.63,1.18,1.7,3.32023477554321
1.64,1.17,1.7,3.32023477554321
1.64,1.16,1.71,3.32023477554321
1.65,1.16,1.71,3.32023477554321
1.65,1.15,1.72,3.32023477554321
1.65,1.15,1.72,3.32023477554321
1.65,1.14,1.72,3.32023477554321
1.65,1.14,1.72,3.3149561882019
1.65,1.13,1.72,3.32023477554321
1.66,1.12,1.73,3.32023477554321
1.66,1.11,1.73,3.32023477554321
1.66,1.11,1.73,3.32023477554321
1.66,1.1,1.73,3.3149561882019
1.66,1.09,1.73,3.3149561882019
1.66,1.09,1.73,3.3096776008606
1.66,1.09,1.73,3.30439901351929
1.67,1.08,1.73,3.29912042617798
1.66,1.07,1.73,3.29912042617798
1.67,1.07,1.73,3.29384183883667
1.67,1.06,1.73,3.29384183883667
1.67,1.06,1.73,3.29384183883667
1.67,1.05,1.73,3.29384183883667
1.67,1.04,1.73,3.28856325149536
1.68,1.04,1.73,3.28856325149536
1.68,1.04,1.73,3.28328466415405
1.69,1.04,1.73,3.27800607681274
1.69,1.03,1.73,3.27800607681274
1.69,1.03,1.73,3.28328466415405
1.7,1.03,1.73,3.27800607681274
1.7,1.02,1.73,3.27800607681274
1.7,1.01,1.73,3.28328466415405
1.7,1.01,1.73,3.28328466415405
1.71,1.01,1.73,3.28856325149536
1.71,1.0,1.72,3.28856325149536
1.71,0.99,1.72,3.28856325149536
1.72,0.99,1.72,3.28856325149536
1.72,0.98,1.72,3.28328466415405
1.72,0.97,1.71,3.27800607681274
1.72,0.97,1.71,3.27272748947144
1.73,0.96,1.71,3.26744890213013
1.72,0.96,1.71,3.26217031478882
1.73,0.95,1.71,3.26217031478882
1.72,0.95,1.71,3.25689172744751
1.73,0.95,1.71,3.26217031478882
1.73,0.94,1.71,3.25689172744751
1.74,0.94,1.71,3.2516131401062
1.74,0.93,1.71,3.24633455276489
1.75,0.93,1.71,3.24633455276489
1.75,0.93,1.7,3.24633455276489
1.75,0.92,1.7,3.24105596542358
1.76,0.92,1.71,3.24105596542358
1.76,0.91,1.7,3.24105596542358
1.76,0.9,1.7,3.24633455276489
1.76,0.89,1.7,3.24633455276489
1.77,0.9,1.69,3.24633455276489
1.78,0.9,1.69,3.24105596542358
1.78,0.89,1.69,3.23577737808228
1.79,0.9,1.69,3.23577737808228
1.79,0.89,1.69,3.23577737808228
1.8,0.89,1.69,3.23577737808228
1.8,0.89,1.69,3.24105596542358
1.8,0.88,1.69,3.24633455276489
1.81,0.88,1.68,3.24633455276489
1.81,0.87,1.68,3.24633455276489
1.83,0.87,1.68,3.2516131401062
1.83,0.87,1.68,3.2516131401062
1.83,0.86,1.68,3.24633455276489
1.84,0.87,1.67,3.24633455276489
1.83,0.86,1.67,3.24633455276489
1.85,0.86,1.67,3.24105596542358
1.85,0.86,1.67,3.24105596542358
1.85,0.85,1.67,3.24105596542358
1.85,0.86,1.66,3.24105596542358
1.85,0.86,1.66,3.24105596542358
1.86,0.86,1.66,3.24633455276489
1.86,0.86,1.65,3.24105596542358
1.86,0.86,1.66,3.24633455276489
1.86,0.86,1.66,3.24633455276489
1.86,0.86,1.66,3.24633455276489
1.87,0.86,1.65,3.2516131401062
1.87,0.86,1.65,3.2516131401062
1.87,0.86,1.65,3.2516131401062
1.88,0.86,1.65,3.2516131401062
1.88,0.86,1.65,3.2516131401062
1.88,0.86,1.65,3.25689172744751
1.89,0.86,1.66,3.26744890213013
1.89,0.86,1.66,3.27272748947144
1.89,0.86,1.66,3.27800607681274
1.89,0.86,1.66,3.28328466415405
1.9,0.86,1.66,3.28328466415405
1.9,0.86,1.66,3.28328466415405
1.91,0.87,1.66,3.28328466415405
1.91,0.87,1.66,3.28856325149536
1.92,0.87,1.66,3.28328466415405
1.92,0.87,1.67,3.28328466415405
1.92,0.86,1.67,3.28328466415405
1.92,0.87,1.67,3.28856325149536
1.93,0.86,1.67,3.28856325149536
1.93,0.87,1.67,3.29384183883667
1.94,0.87,1.67,3.29384183883667
1.94,0.87,1.68,3.29912042617798
1.94,0.87,1.67,3.29912042617798
1.94,0.87,1.67,3.29384183883667
1.94,0.86,1.67,3.28856325149536
1.95,0.86,1.68,3.28328466415405
1.95,0.86,1.68,3.28856325149536
1.95,0.86,1.68,3.29384183883667
1.95,0.85,1.68,3.29384183883667
1.95,0.84,1.68,3.29912042617798
1.95,0.84,1.68,3.29912042617798
1.96,0.84,1.69,3.29912042617798
1.96,0.84,1.68,3.29912042617798
1.96,0.83,1.69,3.29912042617798
1.96,0.83,1.69,3.29912042617798
1.96,0.83,1.69,3.29912042617798
1.96,0.83,1.69,3.30439901351929
1.96,0.82,1.69,3.3096776008606
1.96,0.81,1.69,3.3096776008606
1.97,0.81,1.69,3.3096776008606
1.97,0.81,1.69,3.3096776008606
1.97,0.81,1.7,3.3096776008606
1.97,0.81,1.7,3.3096776008606
1.97,0.8,1.71,3.30439901351929
1.98,0.81,1.71,3.3149561882019
1.97,0.8,1.72,3.32551336288452
1.98,0.79,1.72,3.33079195022583
1.98,0.79,1.71,3.33079195022583
1.99,0.79,1.72,3.33079195022583
1.99,0.79,1.72,3.33079195022583
1.99,0.79,1.72,3.32551336288452
1.99,0.78,1.72,3.32551336288452
1.99,0.78,1.72,3.32023477554321
1.98,0.77,1.72,3.32023477554321
1.99,0.77,1.71,3.3149561882019
1.99,0.77,1.71,3.3096776008606
1.99,0.76,1.71,3.30439901351929
1.99,0.76,1.71,3.29912042617798
1.99,0.76,1.72,3.29384183883667
2.0,0.77,1.72,3.29384183883667
2.01,0.75,1.72,3.29912042617798
2.01,0.75,1.72,3.29912042617798
2.01,0.75,1.72,3.30439901351929
2.01,0.75,1.72,3.29912042617798
2.02,0.75,1.72,3.29912042617798
2.02,0.75,1.72,3.29912042617798
2.03,0.75,1.72,3.3096776008606
2.03,0.75,1.72,3.29912042617798
2.03,0.75,1.72,3.29384183883667
2.04,0.75,1.73,3.29384183883667
2.04,0.75,1.73,3.29912042617798
2.04,0.75,1.74,3.29912042617798
2.05,0.75,1.73,3.29912042617798
2.05,0.74,1.73,3.30439901351929
2.05,0.74,1.73,3.30439901351929
2.05,0.74,1.73,3.28856325149536
2.06,0.74,1.73,3.27800607681274
2.05,0.75,1.72,3.27800607681274
2.06,0.74,1.72,3.27272748947144
2.06,0.75,1.72,3.27272748947144
2.06,0.75,1.72,3.26744890213013
2.06,0.75,1.72,3.26744890213013
2.06,0.75,1.71,3.26744890213013
2.06,0.75,1.71,3.26744890213013
2.06,0.75,1.71,3.26217031478882
2.07,0.76,1.72,3.25689172744751
2.07,0.76,1.72,3.2516131401062
2.07,0.75,1.71,3.25689172744751
2.07,0.76,1.71,3.25689172744751
2.08,0.76,1.71,3.25689172744751
2.08,0.76,1.71,3.26217031478882
2.08,0.76,1.71,3.26217031478882
2.08,0.76,1.71,3.26217031478882
2.08,0.76,1.71,3.26744890213013
2.08,0.76,1.71,3.27272748947144
2.08,0.75,1.71,3.27272748947144
2.08,0.75,1.71,3.27272748947144
2.09,0.75,1.7,3.26744890213013
2.08,0.74,1.7,3.26744890213013
2.09,0.74,1.69,3.27272748947144
2.09,0.74,1.69,3.27272748947144
2.09,0.74,1.7,3.27272748947144
2.09,0.74,1.7,3.26744890213013
2.09,0.75,1.71,3.26217031478882
2.1,0.74,1.7,3.26744890213013
2.1,0.74,1.7,3.27272748947144
2.1,0.75,1.7,3.27800607681274
2.1,0.74,1.69,3.27800607681274
2.1,0.75,1.7,3.27800607681274
2.1,0.74,1.7,3.27272748947144
2.1,0.75,1.7,3.26744890213013
2.1,0.75,1.7,3.26744890213013
2.11,0.75,1.7,3.26744890213013
2.11,0.76,1.7,3.26744890213013
2.11,0.75,1.7,3.26744890213013
2.11,0.75,1.7,3.26744890213013
2.11,0.76,1.71,3.26744890213013
2.11,0.76,1.71,3.27272748947144
2.1,0.76,1.7,3.27800607681274
2.1,0.76,1.69,3.27800607681274
2.1,0.76,1.69,3.27272748947144
2.09,0.76,1.69,3.26217031478882
2.09,0.75,1.68,3.25689172744751
2.09,0.76,1.68,3.2516131401062
2.08,0.76,1.68,3.2516131401062
2.08,0.76,1.68,3.2516131401062
2.08,0.77,1.68,3.24633455276489
2.08,0.76,1.68,3.24633455276489
2.07,0.77,1.68,3.24105596542358
2.07,0.76,1.67,3.24105596542358
2.07,0.77,1.67,3.24633455276489
2.06,0.78,1.67,3.24633455276489
2.06,0.77,1.67,3.24633455276489
2.06,0.78,1.67,3.24105596542358
2.05,0.78,1.67,3.24633455276489
2.05,0.78,1.67,3.24633455276489
2.05,0.78,1.67,3.24633455276489
2.05,0.78,1.67,3.24633455276489
2.04,0.78,1.68,3.2516131401062
2.04,0.78,1.67,3.25689172744751
2.04,0.78,1.67,3.25689172744751
2.03,0.78,1.67,3.25689172744751
2.03,0.78,1.67,3.25689172744751
2.03,0.78,1.67,3.25689172744751
2.03,0.79,1.67,3.25689172744751
2.02,0.79,1.67,3.25689172744751
2.02,0.78,1.66,3.25689172744751
2.02,0.79,1.67,3.25689172744751
2.01,0.79,1.67,3.25689172744751
2.01,0.79,1.67,3.25689172744751
2.01,0.79,1.67,3.2516131401062
2.01,0.79,1.67,3.25689172744751
2.01,0.8,1.67,3.25689172744751
2.01,0.8,1.67,3.25689172744751
2.01,0.8,1.67,3.2516131401062
2.0,0.81,1.67,3.2516131401062
2.0,0.81,1.67,3.2516131401062
2.0,0.82,1.67,3.2516131401062
2.0,0.82,1.66,3.2516131401062
2.0,0.82,1.66,3.24633455276489
2.0,0.82,1.66,3.24633455276489
1.99,0.83,1.66,3.24633455276489
1.99,0.83,1.66,3.24633455276489
1.99,0.83,1.66,3.24633455276489
1.99,0.83,1.67,3.24105596542358
1.99,0.84,1.67,3.24105596542358
1.98,0.84,1.67,3.24105596542358
1.98,0.85,1.67,3.24105596542358
1.98,0.85,1.67,3.24633455276489
1.98,0.85,1.67,3.24633455276489
1.98,0.85,1.67,3.2516131401062
1.98,0.86,1.67,3.25689172744751
1.97,0.87,1.67,3.25689172744751
1.97,0.87,1.67,3.25689172744751
1.97,0.87,1.67,3.26217031478882
1.96,0.88,1.67,3.26217031478882
1.96,0.88,1.67,3.26217031478882
1.96,0.89,1.67,3.26217031478882
1.96,0.89,1.67,3.26217031478882
1.96,0.89,1.67,3.26217031478882
1.96,0.9,1.67,3.25689172744751
1.96,0.91,1.67,3.26217031478882
1.96,0.91,1.67,3.26217031478882
1.96,0.92,1.67,3.26217031478882
1.96,0.92,1.67,3.26744890213013
1.96,0.92,1.67,3.26744890213013
1.96,0.93,1.67,3.26744890213013
1.96,0.93,1.67,3.26744890213013
1.95,0.93,1.66,3.26744890213013
1.96,0.94,1.67,3.26744890213013
1.96,0.94,1.67,3.26217031478882
1.96,0.94,1.67,3.26217031478882
1.96,0.95,1.67,3.26217031478882
1.96,0.96,1.67,3.26217031478882
1.96,0.96,1.67,3.26217031478882
1.95,0.96,1.66,3.26217031478882
1.96,0.98,1.67,3.25689172744751
1.96,0.98,1.67,3.25689172744751
1.96,0.98,1.67,3.2516131401062
1.96,0.98,1.67,3.25689172744751
1.96,0.98,1.67,3.25689172744751
1.96,0.99,1.67,3.26217031478882
1.96,1.0,1.67,3.26217031478882
1.97,1.0,1.68,3.26217031478882
1.97,1.01,1.68,3.26217031478882
1.97,1.01,1.68,3.25689172744751
1.97,1.02,1.68,3.26217031478882
1.97,1.03,1.68,3.26217031478882
1.97,1.04,1.68,3.26217031478882
1.97,1.06,1.68,3.26217031478882
1.97,1.05,1.68,3.26217031478882
1.98,1.07,1.68,3.26217031478882
1.98,1.07,1.68,3.26744890213013
1.98,1.08,1.68,3.26744890213013
1.99,1.1,1.68,3.26744890213013
1.98,1.11,1.68,3.26744890213013
1.98,1.12,1.68,3.27272748947144
1.98,1.13,1.68,3.27272748947144
1.99,1.14,1.68,3.28328466415405
2.0,1.15,1.68,3.28328466415405
1.99,1.16,1.68,3.28328466415405
2.0,1.17,1.68,3.28328466415405
2.0,1.18,1.68,3.28328466415405
2.0,1.19,1.69,3.28328466415405
2.01,1.2,1.69,3.28856325149536
2.01,1.21,1.69,3.28856325149536
2.01,1.22,1.69,3.28856325149536
2.02,1.23,1.69,3.28856325149536
2.01,1.23,1.69,3.28856325149536
2.01,1.24,1.7,3.28328466415405
2.02,1.25,1.7,3.28856325149536
2.01,1.26,1.7,3.28856325149536
2.01,1.26,1.7,3.28856325149536
2.01,1.28,1.7,3.28856325149536
2.01,1.29,1.7,3.28856325149536
2.0,1.3,1.7,3.28328466415405
2.01,1.31,1.7,3.28328466415405
2.0,1.31,1.7,3.28328466415405
2.0,1.32,1.69,3.27800607681274
2.01,1.33,1.69,3.27800607681274
2.0,1.33,1.69,3.27800607681274
2.0,1.34,1.7,3.27800607681274
2.0,1.35,1.7,3.27272748947144
2.01,1.36,1.7,3.27800607681274
2.01,1.37,1.7,3.27800607681274
2.01,1.39,1.7,3.27800607681274
2.02,1.4,1.7,3.28328466415405
2.01,1.4,1.7,3.27800607681274
2.01,1.41,1.69,3.27800607681274
2.01,1.42,1.7,3.27800607681274
2.01,1.42,1.7,3.27272748947144
2.01,1.43,1.7,3.27272748947144
2.01,1.44,1.7,3.26744890213013
2.01,1.46,1.7,3.27272748947144
2.01,1.46,1.7,3.27272748947144
2.01,1.48,1.7,3.27272748947144
2.02,1.49,1.71,3.27272748947144
2.02,1.5,1.71,3.27272748947144
2.02,1.51,1.71,3.26744890213013
2.02,1.52,1.71,3.26744890213013
2.02,1.52,1.71,3.27272748947144
2.02,1.53,1.71,3.27800607681274
2.02,1.54,1.71,3.27800607681274
2.02,1.55,1.71,3.27800607681274
2.02,1.56,1.71,3.27800607681274
2.02,1.56,1.71,3.27800607681274
2.02,1.58,1.71,3.28328466415405
2.01,1.59,1.71,3.28328466415405
2.02,1.6,1.71,3.27800607681274
2.01,1.61,1.71,3.27800607681274
2.01,1.62,1.71,3.27272748947144
2.01,1.62,1.71,3.26744890213013
2.01,1.63,1.72,3.26744890213013
2.01,1.64,1.71,3.26744890213013
2.01,1.65,1.71,3.26744890213013
2.01,1.66,1.71,3.26744890213013
2.02,1.67,1.72,3.26744890213013
2.02,1.68,1.73,3.26744890213013
2.02,1.69,1.72,3.26744890213013
2.03,1.7,1.73,3.27800607681274
2.03,1.71,1.74,3.28328466415405
2.04,1.71,1.74,3.28328466415405
2.04,1.73,1.74,3.28856325149536
2.04,1.74,1.74,3.29384183883667
2.05,1.75,1.75,3.29912042617798
2.05,1.76,1.75,3.29912042617798
2.06,1.76,1.75,3.3096776008606
2.07,1.77,1.75,3.3096776008606
2.07,1.78,1.76,3.3096776008606
2.07,1.79,1.76,3.30439901351929
2.08,1.8,1.76,3.3096776008606
2.08,1.81,1.76,3.3096776008606
2.09,1.81,1.77,3.3096776008606
2.09,1.82,1.77,3.3096776008606
2.1,1.83,1.77,3.3149561882019
2.1,1.84,1.77,3.32023477554321
2.1,1.85,1.78,3.32551336288452
2.11,1.86,1.78,3.32023477554321
2.11,1.87,1.78,3.32551336288452
2.12,1.87,1.79,3.32551336288452
2.12,1.88,1.79,3.32023477554321
2.12,1.88,1.79,3.3149561882019
2.13,1.9,1.79,3.3149561882019
2.14,1.9,1.8,3.3096776008606
2.14,1.91,1.8,3.3096776008606
2.15,1.91,1.79,3.3096776008606
2.15,1.92,1.79,3.30439901351929
2.15,1.93,1.8,3.30439901351929
2.16,1.94,1.8,3.30439901351929
2.16,1.94,1.8,3.30439901351929
2.16,1.95,1.8,3.30439901351929
2.16,1.96,1.8,3.30439901351929
2.17,1.96,1.8,3.3096776008606
2.17,1.97,1.8,3.30439901351929
2.18,1.98,1.8,3.30439901351929
2.18,1.98,1.8,3.30439901351929
2.18,1.99,1.8,3.30439901351929
2.18,2.0,1.8,3.30439901351929
2.19,2.0,1.81,3.30439901351929
2.18,2.01,1.81,3.3096776008606
2.19,2.01,1.81,3.30439901351929
2.19,2.01,1.8,3.30439901351929
2.19,2.02,1.81,3.29912042617798
2.19,2.02,1.8,3.29912042617798
2.19,2.03,1.8,3.29912042617798
2.19,2.04,1.81,3.29912042617798
2.2,2.04,1.8,3.28856325149536
2.2,2.05,1.81,3.28856325149536
2.2,2.06,1.8,3.28328466415405
2.21,2.06,1.8,3.28328466415405
2.21,2.06,1.8,3.28328466415405
2.21,2.07,1.8,3.27800607681274
2.21,2.07,1.79,3.27800607681274
2.21,2.08,1.79,3.27272748947144
2.21,2.09,1.79,3.27272748947144
2.21,2.09,1.8,3.26744890213013
2.22,2.1,1.79,3.26744890213013
2.22,2.11,1.79,3.26744890213013
2.22,2.11,1.79,3.27272748947144
2.22,2.11,1.79,3.26744890213013
2.22,2.12,1.78,3.26217031478882
2.22,2.12,1.78,3.25689172744751
2.23,2.12,1.78,3.25689172744751
2.23,2.14,1.78,3.2516131401062
2.23,2.14,1.77,3.24633455276489
2.24,2.15,1.77,3.24633455276489
2.24,2.16,1.77,3.24105596542358
2.25,2.16,1.76,3.23577737808228
2.26,2.17,1.77,3.23577737808228
2.26,2.18,1.77,3.24105596542358
2.26,2.18,1.77,3.24633455276489
2.27,2.19,1.77,3.24633455276489
2.27,2.2,1.77,3.25689172744751
2.27,2.2,1.77,3.2516131401062
2.27,2.2,1.77,3.2516131401062
2.27,2.2,1.77,3.25689172744751
2.28,2.21,1.77,3.26217031478882
2.28,2.21,1.77,3.26744890213013
2.28,2.22,1.77,3.26744890213013
2.28,2.22,1.77,3.26744890213013
2.29,2.23,1.77,3.26744890213013
2.29,2.23,1.77,3.26744890213013
2.29,2.23,1.76,3.26744890213013
2.29,2.23,1.76,3.27272748947144
2.29,2.23,1.76,3.27272748947144
2.29,2.23,1.75,3.27272748947144
2.28,2.23,1.75,3.27272748947144
2.28,2.23,1.74,3.27272748947144
2.28,2.23,1.74,3.26744890213013
2.28,2.23,1.74,3.26217031478882
2.28,2.23,1.73,3.2516131401062
2.28,2.21,1.73,3.24633455276489
2.28,2.22,1.73,3.24633455276489
2.28,2.22,1.73,3.24105596542358
2.27,2.21,1.72,3.24105596542358
2.27,2.2,1.72,3.24105596542358
2.27,2.2,1.72,3.23577737808228
2.27,2.21,1.72,3.23577737808228
2.26,2.2,1.72,3.23577737808228
2.26,2.2,1.72,3.24105596542358
2.26,2.19,1.71,3.24105596542358
2.26,2.19,1.72,3.24105596542358
2.25,2.19,1.72,3.24633455276489
2.25,2.19,1.72,3.25689172744751
2.26,2.19,1.72,3.25689172744751
2.25,2.19,1.72,3.26217031478882
2.26,2.18,1.71,3.26744890213013
2.26,2.18,1.71,3.26744890213013
2.26,2.18,1.71,3.26744890213013
2.26,2.18,1.7,3.26217031478882
2.26,2.19,1.7,3.26217031478882
2.26,2.18,1.7,3.26217031478882
2.26,2.18,1.7,3.26217031478882
2.26,2.18,1.7,3.25689172744751
2.26,2.18,1.69,3.2516131401062
2.26,2.18,1.69,3.2516131401062
2.25,2.17,1.69,3.2516131401062
2.25,2.18,1.69,3.2516131401062
2.26,2.17,1.69,3.24633455276489
2.25,2.17,1.69,3.24633455276489
2.25,2.17,1.69,3.24633455276489
2.25,2.17,1.68,3.24633455276489
2.25,2.17,1.68,3.24633455276489
2.25,2.17,1.67,3.24105596542358
2.25,2.17,1.67,3.24105596542358
2.25,2.17,1.67,3.23577737808228
2.25,2.16,1.66,3.23049879074097
2.24,2.16,1.66,3.23049879074097
2.24,2.16,1.66,3.23049879074097
2.24,2.16,1.66,3.22522020339966
2.24,2.17,1.66,3.21994161605835
2.23,2.17,1.66,3.21994161605835
2.22,2.16,1.66,3.21994161605835
2.22,2.16,1.67,3.22522020339966
2.22,2.16,1.67,3.22522020339966
2.21,2.16,1.67,3.23049879074097
2.21,2.16,1.67,3.23049879074097
2.21,2.17,1.67,3.23049879074097
2.21,2.17,1.67,3.23577737808228
2.21,2.17,1.67,3.24105596542358
2.2,2.17,1.67,3.24105596542358
2.21,2.17,1.67,3.24633455276489
2.21,2.18,1.67,3.2516131401062
2.21,2.18,1.67,3.2516131401062
2.21,2.19,1.67,3.2516131401062
2.21,2.19,1.67,3.2516131401062
2.21,2.18,1.66,3.2516131401062
2.21,2.19,1.66,3.2516131401062
2.21,2.19,1.66,3.25689172744751
2.21,2.2,1.66,3.2516131401062
2.2,2.2,1.66,3.2516131401062
2.2,2.2,1.66,3.2516131401062
2.2,2.21,1.66,3.2516131401062
2.2,2.21,1.66,3.24633455276489
2.2,2.21,1.66,3.2516131401062
2.19,2.21,1.66,3.24633455276489
2.19,2.22,1.65,3.2516131401062
2.19,2.22,1.65,3.25689172744751
2.19,2.22,1.65,3.25689172744751
2.19,2.23,1.65,3.2516131401062
2.19,2.23,1.65,3.24633455276489
2.2,2.23,1.64,3.24633455276489
2.19,2.24,1.64,3.24633455276489
2.2,2.24,1.64,3.24633455276489
2.19,2.24,1.64,3.24633455276489
2.19,2.24,1.63,3.24633455276489
2.19,2.24,1.63,3.24105596542358
2.19,2.24,1.63,3.24105596542358
2.19,2.25,1.63,3.24105596542358
2.18,2.23,1.62,3.23577737808228
2.17,2.23,1.62,3.23577737808228
2.17,2.23,1.63,3.23577737808228
2.17,2.23,1.62,3.23577737808228
2.17,2.24,1.62,3.23577737808228
2.16,2.23,1.62,3.23577737808228
2.16,2.23,1.62,3.23577737808228
2.16,2.24,1.62,3.23577737808228
2.15,2.24,1.62,3.24633455276489
2.15,2.24,1.61,3.24633455276489
2.15,2.25,1.62,3.24633455276489
2.15,2.25,1.61,3.24105596542358
2.16,2.25,1.62,3.23577737808228
2.15,2.25,1.61,3.23577737808228
2.16,2.25,1.61,3.23577737808228
2.15,2.25,1.6,3.24105596542358
2.15,2.25,1.6,3.24105596542358
2.15,2.25,1.6,3.24105596542358
2.15,2.26,1.6,3.24105596542358
2.15,2.26,1.6,3.24105596542358
2.15,2.26,1.6,3.24633455276489
2.15,2.26,1.6,3.24105596542358
2.15,2.27,1.6,3.23577737808228
2.15,2.27,1.59,3.24105596542358
2.16,2.28,1.59,3.24633455276489
2.16,2.28,1.59,3.24633455276489
2.16,2.28,1.6,3.24633455276489
2.16,2.29,1.6,3.2516131401062
2.15,2.29,1.6,3.25689172744751
2.16,2.3,1.6,3.25689172744751
2.16,2.3,1.6,3.26217031478882
2.16,2.3,1.6,3.26217031478882
2.16,2.31,1.61,3.26217031478882
2.16,2.31,1.61,3.26217031478882
2.16,2.31,1.6,3.26744890213013
2.16,2.31,1.6,3.26744890213013
2.16,2.32,1.6,3.26744890213013
2.16,2.32,1.6,3.26744890213013
2.16,2.32,1.6,3.26217031478882
2.16,2.33,1.61,3.26217031478882
2.16,2.33,1.61,3.26744890213013
2.17,2.34,1.61,3.26744890213013
2.17,2.34,1.61,3.27800607681274
2.17,2.34,1.61,3.27800607681274
2.17,2.35,1.61,3.27800607681274
2.17,2.35,1.61,3.27272748947144
2.17,2.35,1.61,3.27800607681274
2.17,2.36,1.62,3.27800607681274
2.17,2.36,1.62,3.27800607681274
2.18,2.36,1.62,3.27800607681274
2.17,2.36,1.62,3.27800607681274
2.17,2.36,1.62,3.28328466415405
2.17,2.37,1.62,3.28856325149536
2.17,2.37,1.62,3.29384183883667
2.17,2.37,1.63,3.29912042617798
2.18,2.37,1.63,3.29912042617798
2.18,2.37,1.63,3.30439901351929
2.18,2.37,1.63,3.3096776008606
2.18,2.36,1.63,3.3096776008606
2.18,2.36,1.63,3.3096776008606
2.18,2.36,1.62,3.3096776008606
2.18,2.36,1.63,3.3096776008606
2.18,2.36,1.63,3.3149561882019
2.18,2.36,1.63,3.3096776008606
2.18,2.36,1.63,3.32023477554321
2.18,2.36,1.63,3.32023477554321
2.19,2.36,1.63,3.32023477554321
2.19,2.36,1.63,3.32023477554321
2.19,2.36,1.62,3.3149561882019
2.19,2.35,1.63,3.3149561882019
2.19,2.35,1.63,3.3149561882019
2.19,2.35,1.63,3.3149561882019
2.19,2.35,1.63,3.3149561882019
2.19,2.35,1.63,3.3149561882019
2.2,2.35,1.63,3.3096776008606
2.2,2.35,1.63,3.3096776008606
2.2,2.35,1.63,3.3096776008606
2.2,2.35,1.63,3.3149561882019
2.2,2.35,1.63,3.3149561882019
2.21,2.35,1.63,3.3149561882019
2.21,2.35,1.63,3.3149561882019
2.21,2.35,1.63,3.3149561882019
2.21,2.34,1.63,3.3149561882019
2.21,2.34,1.63,3.3149561882019
2.21,2.34,1.63,3.3149561882019
2.21,2.34,1.62,3.3149561882019
2.21,2.33,1.62,3.3149561882019
2.21,2.33,1.61,3.3149561882019
2.21,2.32,1.61,3.3096776008606
2.21,2.31,1.61,3.3096776008606
2.21,2.31,1.61,3.30439901351929
2.21,2.3,1.6,3.30439901351929
2.21,2.29,1.6,3.29912042617798
2.21,2.29,1.59,3.29912042617798
2.2,2.27,1.59,3.29912042617798
2.2,2.27,1.59,3.28856325149536
2.19,2.25,1.58,3.28856325149536
2.2,2.25,1.58,3.28856325149536
2.2,2.24,1.58,3.28856325149536
2.19,2.23,1.57,3.28856325149536
2.19,2.22,1.56,3.28856325149536
2.19,2.22,1.56,3.28328466415405
2.19,2.22,1.55,3.28328466415405
2.2,2.21,1.55,3.28328466415405
2.19,2.19,1.54,3.28328466415405
2.19,2.19,1.54,3.27800607681274
2.19,2.18,1.53,3.27800607681274
2.19,2.18,1.53,3.27800607681274
2.19,2.17,1.52,3.27272748947144
2.19,2.15,1.51,3.27272748947144
2.19,2.15,1.51,3.27272748947144
2.19,2.14,1.5,3.26744890213013
2.19,2.13,1.5,3.26744890213013
2.2,2.13,1.49,3.26217031478882
2.2,2.12,1.49,3.26744890213013
2.2,2.12,1.49,3.26744890213013
2.21,2.12,1.49,3.27272748947144
2.21,2.11,1.48,3.27272748947144
2.22,2.11,1.48,3.27800607681274
2.23,2.1,1.47,3.27800607681274
2.23,2.11,1.47,3.27800607681274
2.23,2.1,1.47,3.27800607681274
2.24,2.09,1.46,3.28328466415405
2.24,2.09,1.46,3.28856325149536
2.24,2.07,1.45,3.28856325149536
2.25,2.07,1.45,3.28328466415405
2.25,2.07,1.45,3.28856325149536
2.26,2.06,1.44,3.28856325149536
2.26,2.05,1.44,3.28856325149536
2.27,2.04,1.43,3.28856325149536
2.28,2.04,1.42,3.28856325149536
2.28,2.02,1.42,3.28856325149536
2.28,2.02,1.42,3.28856325149536
2.28,2.01,1.42,3.28856325149536
2.28,2.0,1.41,3.28856325149536
2.29,2.0,1.41,3.28856325149536
2.29,1.99,1.4,3.29384183883667
2.29,1.98,1.4,3.29384183883667
2.29,1.97,1.39,3.29384183883667
2.3,1.96,1.38,3.29384183883667
2.3,1.96,1.38,3.28856325149536
2.3,1.94,1.36,3.28856325149536
2.3,1.94,1.35,3.27800607681274
2.3,1.92,1.35,3.27272748947144
2.31,1.92,1.34,3.26744890213013
2.31,1.92,1.33,3.26744890213013
2.31,1.91,1.33,3.27272748947144
2.32,1.91,1.33,3.27272748947144
2.32,1.91,1.32,3.26744890213013
2.32,1.9,1.31,3.26217031478882
2.34,1.9,1.31,3.25689172744751
2.34,1.91,1.31,3.25689172744751
2.34,1.91,1.3,3.2516131401062
2.35,1.9,1.3,3.2516131401062
2.34,1.9,1.29,3.24633455276489
2.36,1.9,1.29,3.24633455276489
2.35,1.91,1.28,3.24105596542358
2.35,1.9,1.28,3.24105596542358
2.36,1.89,1.27,3.24105596542358
2.36,1.89,1.26,3.24105596542358
2.36,1.89,1.26,3.23577737808228
2.37,1.88,1.25,3.23577737808228
2.36,1.88,1.24,3.23577737808228
2.37,1.88,1.23,3.23577737808228
2.37,1.87,1.24,3.23577737808228
2.38,1.87,1.23,3.23049879074097
2.38,1.87,1.22,3.23577737808228
2.38,1.86,1.2,3.23577737808228
2.38,1.86,1.2,3.24105596542358
2.39,1.85,1.2,3.23577737808228
2.39,1.84,1.2,3.23577737808228
2.39,1.84,1.2,3.23577737808228
2.4,1.83,1.2,3.24105596542358
2.4,1.83,1.19,3.24633455276489
2.4,1.83,1.19,3.24633455276489
2.41,1.83,1.18,3.2516131401062
2.41,1.82,1.18,3.2516131401062
2.42,1.82,1.17,3.2516131401062
2.42,1.82,1.17,3.25689172744751
2.41,1.81,1.17,3.25689172744751
2.42,1.81,1.16,3.2516131401062
2.43,1.81,1.15,3.25689172744751
2.44,1.8,1.15,3.25689172744751
2.44,1.8,1.15,3.25689172744751
2.44,1.79,1.15,3.25689172744751
2.45,1.79,1.15,3.25689172744751
2.45,1.79,1.14,3.26217031478882
2.45,1.79,1.13,3.26217031478882
2.45,1.78,1.12,3.26217031478882
2.45,1.78,1.12,3.26217031478882
2.46,1.78,1.11,3.26217031478882
2.46,1.77,1.1,3.25689172744751
2.47,1.77,1.1,3.2516131401062
2.47,1.76,1.09,3.24633455276489
2.47,1.76,1.08,3.24633455276489
2.48,1.76,1.07,3.24633455276489
2.48,1.76,1.07,3.24105596542358
2.48,1.76,1.06,3.23049879074097
2.48,1.76,1.05,3.21994161605835
2.48,1.76,1.04,3.20938444137573
2.49,1.75,1.03,3.20938444137573
2.49,1.74,1.03,3.19882702827454
2.49,1.74,1.03,3.19354844093323
2.5,1.73,1.02,3.18826985359192
2.5,1.72,1.01,3.18299126625061
2.5,1.71,1.0,3.1777126789093
2.5,1.72,1.0,3.1777126789093
2.5,1.71,0.99,3.16715550422668
2.5,1.7,0.98,3.16187691688538
2.5,1.7,0.98,3.16187691688538
2.5,1.69,0.97,3.15659832954407
2.5,1.68,0.97,3.15659832954407
2.51,1.68,0.96,3.15659832954407
2.51,1.67,0.96,3.15659832954407
2.51,1.67,0.95,3.15659832954407
2.51,1.66,0.95,3.15659832954407
2.51,1.66,0.94,3.16715550422668
2.51,1.65,0.94,3.17243409156799
2.52,1.65,0.94,3.17243409156799
2.52,1.64,0.94,3.1777126789093
2.52,1.63,0.93,3.1777126789093
2.52,1.62,0.93,3.1777126789093
2.52,1.61,0.92,3.18299126625061
2.52,1.6,0.92,3.18299126625061
2.52,1.59,0.91,3.18299126625061
2.52,1.58,0.91,3.18299126625061
2.52,1.58,0.91,3.18826985359192
2.52,1.56,0.9,3.18826985359192
2.51,1.56,0.9,3.18826985359192
2.51,1.54,0.89,3.18299126625061
2.51,1.53,0.89,3.18299126625061
2.51,1.52,0.88,3.18299126625061
2.51,1.51,0.88,3.18299126625061
2.51,1.5,0.88,3.18826985359192
2.51,1.49,0.87,3.18299126625061
2.51,1.48,0.88,3.18826985359192
2.51,1.47,0.87,3.18826985359192
2.51,1.46,0.87,3.18826985359192
2.51,1.45,0.87,3.19882702827454
2.51,1.44,0.87,3.20938444137573
2.51,1.43,0.87,3.20938444137573
2.51,1.42,0.87,3.21466302871704
2.5,1.41,0.87,3.21466302871704
2.5,1.4,0.87,3.21994161605835
2.5,1.39,0.87,3.22522020339966
2.5,1.38,0.87,3.23049879074097
2.5,1.37,0.87,3.23049879074097
2.5,1.35,0.87,3.23577737808228
2.5,1.34,0.87,3.23577737808228
2.5,1.33,0.87,3.24105596542358
2.5,1.32,0.86,3.24105596542358
2.5,1.31,0.87,3.24633455276489
2.51,1.29,0.87,3.25689172744751
2.52,1.28,0.88,3.26217031478882
2.52,1.27,0.87,3.26217031478882
2.53,1.25,0.88,3.26744890213013
2.54,1.25,0.88,3.26217031478882
2.54,1.23,0.88,3.26744890213013
2.55,1.22,0.88,3.27272748947144
2.55,1.21,0.88,3.27800607681274
2.55,1.2,0.89,3.27800607681274
2.56,1.19,0.89,3.28328466415405
2.56,1.18,0.89,3.27800607681274
2.57,1.16,0.89,3.28328466415405
2.57,1.15,0.89,3.28328466415405
2.57,1.14,0.89,3.28328466415405
2.57,1.13,0.9,3.28328466415405
2.57,1.12,0.91,3.27800607681274
2.56,1.1,0.91,3.28328466415405
2.56,1.09,0.91,3.28328466415405
2.56,1.08,0.91,3.28856325149536
2.56,1.07,0.91,3.28856325149536
2.56,1.06,0.92,3.28856325149536
2.57,1.06,0.92,3.28856325149536
2.57,1.05,0.92,3.29384183883667
2.57,1.04,0.93,3.29384183883667
2.57,1.03,0.93,3.29384183883667
2.56,1.02,0.93,3.29384183883667
2.57,1.02,0.93,3.29384183883667
2.56,1.01,0.94,3.28856325149536
2.57,1.01,0.94,3.28328466415405
2.57,1.0,0.94,3.27800607681274
2.57,1.0,0.94,3.28328466415405
2.57,0.99,0.95,3.28328466415405
2.57,0.98,0.95,3.28328466415405
2.57,0.98,0.95,3.27800607681274
2.57,0.98,0.95,3.27272748947144
2.57,0.97,0.95,3.26744890213013
2.57,0.97,0.96,3.27272748947144
2.57,0.96,0.95,3.26744890213013
2.57,0.96,0.95,3.26744890213013
2.57,0.95,0.95,3.26744890213013
2.57,0.95,0.95,3.26744890213013
2.57,0.95,0.95,3.26217031478882
2.57,0.95,0.95,3.25689172744751
2.57,0.95,0.95,3.2516131401062
2.57,0.94,0.95,3.2516131401062
2.57,0.94,0.95,3.24633455276489
2.57,0.94,0.95,3.24633455276489
2.57,0.95,0.94,3.24105596542358
2.57,0.94,0.94,3.24105596542358
2.57,0.95,0.94,3.23577737808228
2.57,0.95,0.94,3.23577737808228
2.56,0.95,0.94,3.23049879074097
2.56,0.95,0.94,3.22522020339966
2.56,0.95,0.94,3.22522020339966
2.56,0.94,0.94,3.21994161605835
2.56,0.94,0.94,3.21994161605835
2.55,0.94,0.93,3.21994161605835
2.55,0.94,0.93,3.21994161605835
2.55,0.95,0.93,3.21994161605835
2.55,0.95,0.93,3.22522020339966
2.55,0.95,0.93,3.22522020339966
2.54,0.95,0.93,3.21994161605835
2.54,0.95,0.93,3.21994161605835
2.54,0.95,0.93,3.21994161605835
2.53,0.95,0.93,3.21994161605835
2.54,0.96,0.93,3.22522020339966
2.54,0.97,0.93,3.22522020339966
2.54,0.97,0.93,3.23049879074097
2.54,0.97,0.93,3.23049879074097
2.53,0.98,0.93,3.23577737808228
2.53,0.98,0.92,3.23577737808228
2.53,0.98,0.92,3.2516131401062
2.53,0.98,0.92,3.2516131401062
2.53,0.99,0.92,3.2516131401062
2.53,0.99,0.92,3.2516131401062
2.52,0.99,0.92,3.2516131401062
2.52,1.0,0.92,3.25689172744751
2.51,1.0,0.92,3.26217031478882
2.51,1.0,0.92,3.26217031478882
2.5,1.0,0.92,3.25689172744751
2.5,1.0,0.91,3.25689172744751
2.5,1.01,0.91,3.2516131401062
2.5,1.01,0.91,3.24633455276489
2.49,1.02,0.91,3.24633455276489
2.49,1.02,0.91,3.24105596542358
2.49,1.02,0.91,3.23577737808228
2.49,1.03,0.91,3.23577737808228
2.48,1.03,0.91,3.23577737808228
2.48,1.03,0.91,3.23577737808228
2.47,1.04,0.91,3.24105596542358
2.47,1.04,0.91,3.24105596542358
2.47,1.04,0.9,3.24105596542358
2.47,1.04,0.9,3.24105596542358
2.47,1.04,0.9,3.23577737808228
2.46,1.04,0.9,3.23049879074097
2.46,1.05,0.9,3.23049879074097
2.46,1.05,0.9,3.22522020339966
2.46,1.05,0.9,3.21994161605835
2.46,1.06,0.9,3.21994161605835
2.46,1.06,0.9,3.21994161605835
2.46,1.06,0.9,3.21994161605835
2.45,1.06,0.89,3.22522020339966
2.45,1.06,0.89,3.22522020339966
2.45,1.06,0.89,3.22522020339966
2.44,1.06,0.88,3.22522020339966
2.45,1.06,0.88,3.21994161605835
2.44,1.06,0.88,3.21466302871704
2.44,1.06,0.88,3.20410561561584
2.44,1.06,0.88,3.20410561561584
2.44,1.06,0.88,3.19882702827454
2.44,1.06,0.88,3.19882702827454
2.45,1.05,0.88,3.19882702827454
2.45,1.05,0.88,3.20410561561584
2.45,1.04,0.88,3.21466302871704
2.45,1.04,0.88,3.22522020339966
2.44,1.04,0.88,3.23049879074097
2.44,1.04,0.88,3.23049879074097
2.44,1.04,0.88,3.23577737808228
2.44,1.03,0.88,3.23577737808228
2.44,1.03,0.88,3.24105596542358
2.44,1.03,0.88,3.24105596542358
2.44,1.03,0.88,3.24105596542358
2.44,1.02,0.89,3.24105596542358
2.44,1.02,0.89,3.24633455276489
2.44,1.02,0.89,3.24633455276489
2.44,1.02,0.89,3.24633455276489
2.44,1.02,0.89,3.24633455276489
2.44,1.02,0.89,3.2516131401062
2.44,1.01,0.9,3.2516131401062
2.44,1.01,0.9,3.24633455276489
2.44,1.01,0.9,3.2516131401062
2.44,1.01,0.9,3.25689172744751
2.44,1.0,0.9,3.25689172744751
2.44,1.0,0.9,3.25689172744751
2.44,1.0,0.9,3.25689172744751
2.45,1.0,0.9,3.26217031478882
2.45,0.99,0.9,3.26217031478882
2.45,0.99,0.9,3.26217031478882
2.45,0.99,0.9,3.26744890213013
2.45,0.98,0.9,3.27272748947144
2.45,0.98,0.91,3.27272748947144
2.45,0.98,0.91,3.26744890213013
2.45,0.98,0.91,3.27272748947144
2.45,0.98,0.91,3.27272748947144
2.45,0.97,0.91,3.27272748947144
2.45,0.97,0.91,3.26744890213013
2.45,0.96,0.91,3.26744890213013
2.46,0.96,0.91,3.26217031478882
2.46,0.96,0.91,3.26217031478882
2.46,0.96,0.91,3.26217031478882
2.46,0.95,0.91,3.26217031478882
2.46,0.95,0.91,3.26217031478882
2.46,0.94,0.91,3.26217031478882
2.46,0.94,0.91,3.26217031478882
2.47,0.94,0.91,3.26217031478882
2.47,0.94,0.91,3.26744890213013
2.47,0.93,0.92,3.26744890213013
2.47,0.93,0.92,3.26744890213013
2.47,0.92,0.92,3.26744890213013
2.47,0.92,0.92,3.27272748947144
2.47,0.92,0.92,3.26744890213013
2.47,0.92,0.92,3.26744890213013
2.47,0.92,0.92,3.26217031478882
2.47,0.92,0.92,3.26744890213013
2.47,0.91,0.92,3.26744890213013
2.47,0.91,0.92,3.26744890213013
2.47,0.91,0.93,3.26217031478882
2.47,0.9,0.92,3.25689172744751
2.47,0.91,0.92,3.25689172744751
2.47,0.91,0.92,3.2516131401062
2.47,0.9,0.92,3.2516131401062
2.47,0.9,0.92,3.24633455276489
2.47,0.9,0.92,3.24633455276489
2.47,0.89,0.92,3.24633455276489
2.47,0.89,0.92,3.24633455276489
2.47,0.89,0.92,3.24633455276489
2.47,0.89,0.92,3.24633455276489
2.47,0.88,0.92,3.24633455276489
2.47,0.88,0.93,3.24633455276489
2.47,0.88,0.93,3.24633455276489
2.47,0.88,0.92,3.2516131401062
2.46,0.88,0.93,3.2516131401062
2.46,0.88,0.93,3.2516131401062
2.46,0.88,0.92,3.2516131401062
